CFB_study_id,consent_year,mycobacteria_species,CF_related_disorder,transplant,ethnicity,female,genotype1,genotype2,cftr_modulator,pancreatic_therapy,isolation_diabetes,disease_diabetes,transient_inf,ntm_disease,ntm_alt_categories,base_mean_FEV1_L,chronic_pseudomonas,chronic_stenotrophomonas,chronic_burkholderia,chronic_aspergillus,steroids_6m_growth,steroids_1m_growth,steroids_6m_disease,steroids_1m_disease,macrolides_6m_growth,macrolide_3m_growth,oral_steroid_1m_growth,bmi_baseline,macrolides_6m_disease,macrolides_3m_disease,growth_exacerbations,disease_exacerbations,cat_genotype,rna_growth_interval,rna_growth_window,follow_interval,rna_disease_interval,rna_disease_window,age_cat,age_sample_cat,mycobacteria_species_ungrouped,base_ppFEV,base_ppFVC,batch_extraction
CFB2001,2012,MABs,No,No,caucasian,No,DeltaF508,R117H,No,Yes,No,No,No,Yes,ntm_disease,2.31,No,No,No,No,No,Yes,No,Yes,No,no,yes,< 18.5,No,No,2,2,F508del.heterozygous,36.5,"After culture, NTM-PD",2.4,-34.1,<= 40 months,25 to < 35,25 to < 35,MABs,49.29,106.43,5
CFB2006,2012,MABs,No,No,asian,No,1835T>A,c.1798A>G / c.1802C>T,No,Yes,Yes,NA,No,No,chronic_colonization,2.73,No,No,No,No,No,NA,No,NA,No,no,no,18.5 to 24.9,NA,NA,0,NA,others,-7.2,Before culture,114.5,NA,NA,18 to < 25,18 to < 25,MABs,77.28,88.32,4
CFB2007,2012,MABs,No,No,caucasian,No,DeltaF508,Q493x,No,Yes,No,NA,No,No,spontaneous_clearance,4.695,No,No,Yes,No,No,No,No,No,No,no,no,18.5 to 24.9,No,No,1,NA,F508del.heterozygous,6.9,"After culture, no NTM-PD",128.6,NA,NA,25 to < 35,25 to < 35,MABs,107.55,142.44,4
CFB2009,2012,MAC,No,No,caucasian,No,C. 2261 DEL T,C. 2261 DEL T,No,Yes,No,No,No,No,spontaneous_clearance,2.53,NA,NA,NA,NA,NA,NA,NA,NA,NA,yes,no,< 18.5,NA,NA,NA,NA,others,49.6,"After culture, no NTM-PD",139.3,NA,NA,Under 18,18 to < 25,MAC,66.31,90.75,4
CFB2039,2012,MAC,No,No,caucasian,No,G85E,G85E,No,Yes,Yes,NA,No,No,spontaneous_clearance,3.98,No,Yes,No,Yes,No,No,NA,NA,No,no,no,18.5 to 24.9,NA,NA,3,NA,others,9.5,"After culture, no NTM-PD",124.3,NA,NA,18 to < 25,18 to < 25,MAC,79.29,104.76,4
CFB2044,2013,MABs,No,No,caucasian,No,DeltaF508,DeltaF508,No,Yes,No,NA,No,No,spontaneous_clearance,2.3,Yes,No,No,No,NA,NA,NA,NA,NA,no,no,18.5 to 24.9,NA,NA,NA,NA,F508del.homozygous,110.3,"After culture, no NTM-PD",222.6,NA,NA,18 to < 25,25 to < 35,MABs,64.57,85.17,4
CFB2059,2013,MABs,No,No,unknown,No,DeltaF508,unknown,No,No,No,NA,No,No,intermitent_colonization,2.53,Yes,No,No,No,No,No,NA,NA,No,no,no,18.5 to 24.9,NA,NA,0,NA,F508del.heterozygous,0,Before culture,20.7,NA,NA,50 or more,50 or more,MABs,69.9,108.14,4
CFB2075,2015,MAC,No,No,caucasian,Yes,DeltaF508,unknown,No,No,No,NA,No,No,intermitent_colonization,2.85,No,No,No,Yes,Yes,Yes,NA,NA,No,no,yes,18.5 to 24.9,NA,NA,0,NA,F508del.heterozygous,0,Before culture,45.4,NA,NA,35 to < 50,35 to < 50,MAC,94.62,119.32,3
CFB2045,2013,MAC,No,No,caucasian,Yes,DeltaF508,R75Q /3850-3T->G,No,Yes,Yes,Yes,No,Yes,ntm_disease,2.75,Yes,No,No,No,Yes,Yes,Yes,Yes,No,no,no,18.5 to 24.9,No,No,2,4,F508del.heterozygous,1.8,"After culture, NTM-PD",13.8,12,<= 40 months,18 to < 25,18 to < 25,MAC,79.85,116.08,4
CFB2049,2013,MABs,No,No,mixed,Yes,DeltaF508,R75X,No,Yes,No,No,No,Yes,ntm_disease,NA,NA,NA,NA,NA,NA,NA,NA,NA,NA,no,no,18.5 to 24.9,NA,NA,NA,NA,F508del.heterozygous,119.9,"After culture, NTM-PD",199,79.1,> 40 months,Under 18,18 to < 25,MABs,71.47,87.08,4
CFB2082,2015,other,No,No,caucasian,No,DeltaF508,DeltaF508,No,Yes,No,NA,No,No,spontaneous_clearance,3.59,No,No,No,No,No,No,NA,NA,Yes,yes,no,18.5 to 24.9,NA,NA,0,NA,F508del.homozygous,-2.5,Before culture,78.7,NA,NA,18 to < 25,18 to < 25,M_gordonae,85.88,107.41,4
CFB2088,2015,other,No,No,caucasian,No,DeltaF508,DeltaF508,Yes,Yes,No,NA,No,No,spontaneous_clearance,3.07,No,No,No,Yes,No,No,NA,NA,Yes,yes,no,18.5 to 24.9,NA,NA,0,NA,F508del.homozygous,6,"After culture, no NTM-PD",69,NA,NA,35 to < 50,35 to < 50,M_gordonae,63.66,97.59,1
CFB2060,2013,MABs,No,No,caucasian,No,DeltaF508,DeltaF508,No,Yes,Yes,Yes,No,Yes,ntm_disease,1.16,Yes,No,No,Yes,Yes,Yes,Yes,Yes,No,no,no,18.5 to 24.9,No,No,2,0,F508del.homozygous,1.8,"After culture, NTM-PD",18.1,16.3,<= 40 months,35 to < 50,35 to < 50,MABs,31.69,80.81,2
CFB2061,2013,MAC,No,No,caucasian,Yes,DeltaF508,DeltaF508,No,Yes,No,No,No,Yes,ntm_disease,NA,NA,NA,NA,NA,NA,NA,NA,NA,NA,no,no,18.5 to 24.9,NA,NA,NA,NA,F508del.homozygous,63.8,"After culture, NTM-PD",17.2,-46.6,> 40 months,Under 18,18 to < 25,MAC,74.72,102.13,4
CFB2102,2015,MAC,No,No,caucasian,No,DeltaF508,DeltaF508,No,Yes,No,NA,No,No,intermitent_colonization,1.59,Yes,No,Yes,Yes,Yes,Yes,NA,NA,No,no,no,18.5 to 24.9,NA,NA,0,NA,F508del.homozygous,39.6,"After culture, no NTM-PD",127.2,NA,NA,50 or more,50 or more,MAC,39.3,107.48,3
CFB2071,2012,MAC,No,No,asian,No,3849+10kb_C>T,Ex15_deletion,No,No,No,No,No,Yes,ntm_disease,NA,No,No,No,No,NA,NA,No,No,NA,NA,NA,NA,No,No,NA,1,others,108.5,"After culture, NTM-PD",163.9,55.4,> 40 months,18 to < 25,25 to < 35,MAC,NA,NA,3
CFB2108,2015,MAC,No,No,caucasian,No,DeltaF508,DeltaF508,No,Yes,No,NA,No,No,spontaneous_clearance,4.8,Yes,No,No,No,No,No,NA,NA,Yes,yes,no,18.5 to 24.9,NA,NA,0,NA,F508del.homozygous,3.4,"After culture, no NTM-PD",89.9,NA,NA,25 to < 35,25 to < 35,MAC,101.6,129.31,4
CFB2138,2016,MAC,Yes,No,caucasian,Yes,DeltaF508,R347C,No,No,No,NA,No,No,spontaneous_clearance,3.81,No,No,No,No,Yes,Yes,NA,NA,Yes,yes,no,25 to 29.9,NA,NA,0,NA,F508del.heterozygous,4.7,"After culture, no NTM-PD",79.8,NA,NA,35 to < 50,35 to < 50,MAC,123.31,152.83,3
CFB2140,2016,MAC,No,No,caucasian,No,DeltaF508,P67L,No,No,No,NA,No,No,chronic_colonization,3.15,No,No,No,No,No,No,NA,NA,No,no,no,25 to 29.9,NA,NA,0,NA,F508del.heterozygous,33.2,"After culture, no NTM-PD",107.7,NA,NA,35 to < 50,50 or more,MAC,79.31,124.63,2
CFB2152,2016,MAC,No,No,caucasian,No,DeltaF508,3667ins4,No,Yes,Yes,NA,No,No,spontaneous_clearance,NA,Yes,No,No,No,NA,NA,NA,NA,NA,no,no,18.5 to 24.9,NA,NA,NA,NA,F508del.heterozygous,171.4,"After culture, no NTM-PD",172.2,NA,NA,18 to < 25,35 to < 50,MAC,45.58,89.62,2
CFB2084,2015,MAC,No,No,caucasian,No,DeltaF508,DeltaF508,No,Yes,No,No,No,Yes,ntm_disease,4.15,No,Yes,No,No,No,No,No,No,No,no,no,18.5 to 24.9,No,No,0,0,F508del.homozygous,59.6,"After culture, NTM-PD",7.5,-52,> 40 months,18 to < 25,25 to < 35,MAC,89.26,111.59,4
CFB2166,2017,MABs,No,No,caucasian,Yes,N1303K,S489X,No,Yes,No,NA,No,No,chronic_colonization,3.02,No,No,No,No,NA,NA,NA,NA,NA,no,no,18.5 to 24.9,NA,NA,0,NA,others,22.6,"After culture, no NTM-PD",87.5,NA,NA,18 to < 25,18 to < 25,MABs,88.99,110.66,2
CFB2169,2017,MAC,No,No,caucasian,No,DeltaF508,DeltaF508,No,Yes,No,NA,No,No,intermitent_colonization,3.4,Yes,No,No,No,Yes,Yes,NA,NA,Yes,yes,no,25 to 29.9,NA,NA,4,NA,F508del.homozygous,5.6,"After culture, no NTM-PD",69,NA,NA,18 to < 25,18 to < 25,MAC,72.65,109.46,1
CFB2098,2015,MAC,No,No,caucasian,Yes,DeltaF508,DeltaF508,No,Yes,Yes,Yes,No,Yes,ntm_disease,3.01,No,Yes,No,Yes,Yes,Yes,Yes,Yes,No,no,no,18.5 to 24.9,No,No,0,0,F508del.homozygous,58.6,"After culture, NTM-PD",3.2,-55.4,> 40 months,25 to < 35,35 to < 50,MAC,89.74,129.41,2
CFB2171,2017,MAC,No,No,caucasian,No,G542X,R1066H,No,Yes,No,NA,No,No,spontaneous_clearance,4.1,No,No,No,No,Yes,Yes,NA,NA,No,no,no,18.5 to 24.9,NA,NA,1,NA,others,25.6,"After culture, no NTM-PD",86.5,NA,NA,18 to < 25,18 to < 25,MAC,99.29,134.35,1
CFB2105,2015,MAC,No,No,caucasian,No,DeltaF508,DeltaF508,No,Yes,No,NA,No,Yes,ntm_disease,NA,No,No,No,Yes,NA,NA,NA,NA,NA,yes,no,18.5 to 24.9,NA,NA,NA,NA,F508del.homozygous,76.5,"After culture, NTM-PD",15.9,-60.5,> 40 months,Under 18,18 to < 25,MAC,103.72,124.62,4
CFB2186,2018,MAC,No,No,caucasian,No,DeltaF508,R1066H,No,No,No,NA,No,No,intermitent_colonization,3.98,No,No,No,No,No,No,NA,NA,No,no,no,18.5 to 24.9,NA,NA,0,NA,F508del.heterozygous,106.5,"After culture, no NTM-PD",151.8,NA,NA,25 to < 35,35 to < 50,MAC,89.16,132.39,1
CFB2013,2012,MABs,No,No,caucasian,No,DeltaF508,Q493X,No,Yes,No,NA,Yes,No,spontaneous_clearance,0.74,Yes,No,No,No,Yes,Yes,NA,NA,No,no,no,18.5 to 24.9,NA,NA,2,NA,F508del.heterozygous,17.3,"After culture, no NTM-PD",138.3,NA,NA,25 to < 35,35 to < 50,MABs,17.52,44.28,4
CFB2022,2012,MAC,No,No,caucasian,No,G551D,R117H,Yes,No,No,No,Yes,No,spontaneous_clearance,NA,No,Yes,No,No,NA,NA,NA,NA,NA,no,no,18.5 to 24.9,NA,NA,NA,NA,others,137.6,"After culture, no NTM-PD",256.6,NA,NA,25 to < 35,35 to < 50,MAC,45.59,81.59,4
CFB2128,2016,MAC,No,No,caucasian,No,DeltaF508,c.1177delG,No,Yes,No,No,No,Yes,ntm_disease,3.21,No,Yes,Yes,No,Yes,Yes,NA,NA,Yes,yes,no,18.5 to 24.9,NA,NA,NA,NA,F508del.heterozygous,37.5,"After culture, NTM-PD",0,-37.5,<= 40 months,Under 18,18 to < 25,MAC,82.75,114.49,3
CFB2058,2013,MAC,No,No,caucasian,No,DeltaF508,DeltaF508,No,Yes,No,NA,Yes,No,spontaneous_clearance,3.84,No,No,No,No,No,No,NA,NA,No,no,no,18.5 to 24.9,NA,NA,0,NA,F508del.homozygous,35.2,"After culture, no NTM-PD",139.3,NA,NA,18 to < 25,18 to < 25,MAC,99.96,120.44,3
CFB2074,2014,MAC,No,No,caucasian,No,DeltaF508,P574H,No,No,No,NA,Yes,No,spontaneous_clearance,2.99,Yes,No,No,Yes,Yes,Yes,NA,NA,Yes,yes,no,18.5 to 24.9,NA,NA,0,NA,F508del.heterozygous,15.6,"After culture, no NTM-PD",106.5,NA,NA,25 to < 35,25 to < 35,MAC,52.63,106.77,5
CFB2087,2015,MAC,No,No,caucasian,Yes,DeltaF508,2184insA,No,Yes,Yes,NA,Yes,No,spontaneous_clearance,2.75,No,No,No,Yes,NA,NA,NA,NA,NA,no,no,18.5 to 24.9,NA,NA,NA,NA,F508del.heterozygous,117.7,"After culture, no NTM-PD",208.1,NA,NA,25 to < 35,35 to < 50,MAC,80.63,103.96,3
CFB2112,2015,other,No,No,caucasian,Yes,DeltaF508,R560T,No,Yes,No,NA,Yes,No,spontaneous_clearance,2.36,No,Yes,No,Yes,Yes,Yes,NA,NA,Yes,yes,no,18.5 to 24.9,NA,NA,2,NA,F508del.heterozygous,-8.8,Before culture,42.7,NA,NA,25 to < 35,25 to < 35,M_gordonae,89.13,104.66,1
CFB2127,2016,other,No,No,caucasian,Yes,DeltaF508,R560T,No,Yes,Yes,NA,Yes,No,spontaneous_clearance,2.15,Yes,No,No,No,Yes,Yes,NA,NA,Yes,yes,no,18.5 to 24.9,NA,NA,2,NA,F508del.heterozygous,18.9,"After culture, no NTM-PD",97.1,NA,NA,25 to < 35,35 to < 50,M_fortuitum,62.55,105.45,4
CFB2159,2017,MABs,No,No,caucasian,No,DeltaF508,V232D,No,No,No,NA,No,Yes,ntm_disease,NA,NA,NA,NA,NA,No,No,NA,NA,No,no,no,25 to 29.9,NA,NA,0,NA,F508del.heterozygous,32.6,"After culture, NTM-PD",64.2,31.6,<= 40 months,18 to < 25,18 to < 25,MABs,109.13,141.42,2
CFB2134,2016,other,No,No,caucasian,No,DeltaF508,DeltaF508,No,Yes,No,NA,Yes,No,spontaneous_clearance,4.17,No,Yes,No,Yes,No,No,NA,NA,No,no,no,25 to 29.9,NA,NA,0,NA,F508del.homozygous,2.8,"After culture, no NTM-PD",80.7,NA,NA,25 to < 35,25 to < 35,M_peregrinum,93.64,113.18,3
CFB2163,2017,MABs,No,No,caucasian,No,DeltaF508,DeltaF508,Yes,Yes,No,No,No,Yes,ntm_disease,2.15,Yes,No,No,Yes,Yes,Yes,Yes,Yes,Yes,yes,no,18.5 to 24.9,Yes,Yes,1,1,F508del.homozygous,0,Before culture,2,2,<= 40 months,35 to < 50,35 to < 50,MABs,55.6,119.91,1
CFB2142,2016,other,No,No,caucasian,Yes,DeltaF508,DeltaF508,No,Yes,Yes,NA,Yes,No,spontaneous_clearance,1.5,Yes,No,No,No,No,Yes,NA,NA,Yes,yes,no,18.5 to 24.9,NA,NA,2,NA,F508del.homozygous,-15.2,Before culture,48.5,NA,NA,25 to < 35,25 to < 35,M_fortuitum,48.13,106.25,1
CFB2146,2016,other,No,No,caucasian,Yes,DeltaF508,DeltaF508,No,Yes,No,NA,Yes,No,spontaneous_clearance,2.95,Yes,No,No,No,No,No,NA,NA,Yes,yes,no,< 18.5,NA,NA,0,NA,F508del.homozygous,0,Before culture,73.3,NA,NA,25 to < 35,25 to < 35,M_cosmeticum,84.17,103.68,2
CFB2149,2016,MABs,No,No,caucasian,Yes,DeltaF508,DeltaF508,Yes,Yes,NA,NA,Yes,No,spontaneous_clearance,NA,Yes,No,No,No,NA,NA,NA,NA,NA,no,no,18.5 to 24.9,NA,NA,NA,NA,F508del.homozygous,169.6,"After culture, no NTM-PD",231.7,NA,NA,18 to < 25,35 to < 50,MABs,69.34,84.21,1
CFB2160,2017,other,No,No,caucasian,No,DeltaF508,2184insA,No,Yes,Yes,NA,Yes,No,spontaneous_clearance,3.22,No,No,No,No,Yes,Yes,NA,NA,No,no,yes,18.5 to 24.9,NA,NA,0,NA,F508del.heterozygous,-4.5,Before culture,60.3,NA,NA,18 to < 25,18 to < 25,M_simiae,82.78,105.36,2
